<?xml version="1.0" encoding="UTF-8"?>
<project-private xmlns="http://www.netbeans.org/ns/project-private/1">
    <editor-bookmarks xmlns="http://www.netbeans.org/ns/editor-bookmarks/2" lastBookmarkId="0"/>
    <open-files xmlns="http://www.netbeans.org/ns/projectui-open-files/2">
        <group>
            <file>file:/C:/Users/Jose/Dropbox/POO%202015-2016%20Pessoal/Teóricas%20working/3%20-%20Polimorfismo/FormasGeometricas/src/FormasGeometricas/Ponto.java</file>
            <file>file:/C:/Users/Jose/Dropbox/POO%202015-2016%20Pessoal/Teóricas%20working/3%20-%20Polimorfismo/FormasGeometricas/src/FormasGeometricas/Retangulo.java</file>
            <file>file:/C:/Users/Jose/Dropbox/POO%202015-2016%20Pessoal/Teóricas%20working/3%20-%20Polimorfismo/FormasGeometricas/src/FormasGeometricas/Circulo.java</file>
            <file>file:/C:/Users/Jose/Dropbox/POO%202015-2016%20Pessoal/Teóricas%20working/3%20-%20Polimorfismo/FormasGeometricas/src/FormasGeometricas/Quadrado.java</file>
        </group>
    </open-files>
</project-private>
