<?xml version="1.0" encoding="UTF-8"?>
<project-private xmlns="http://www.netbeans.org/ns/project-private/1">
    <editor-bookmarks xmlns="http://www.netbeans.org/ns/editor-bookmarks/2" lastBookmarkId="0"/>
    <open-files xmlns="http://www.netbeans.org/ns/projectui-open-files/2">
        <group>
            <file>file:/C:/Users/Jose/Dropbox/POO%202015-2016%20Pessoal/Teóricas%20working/2%20-%20Revisões%20de%20POO/Xadrez1/src/Xadrez1/Torre.java</file>
            <file>file:/C:/Users/Jose/Dropbox/POO%202015-2016%20Pessoal/Teóricas%20working/2%20-%20Revisões%20de%20POO/Xadrez1/src/Xadrez1/TabuleiroXadrez.java</file>
            <file>file:/C:/Users/Jose/Dropbox/POO%202015-2016%20Pessoal/Teóricas%20working/2%20-%20Revisões%20de%20POO/Xadrez1/src/Xadrez1/XadrezPrincipal.java</file>
        </group>
    </open-files>
</project-private>
