<?xml version="1.0" encoding="UTF-8"?>
<project-private xmlns="http://www.netbeans.org/ns/project-private/1">
    <editor-bookmarks xmlns="http://www.netbeans.org/ns/editor-bookmarks/2" lastBookmarkId="0"/>
    <open-files xmlns="http://www.netbeans.org/ns/projectui-open-files/2">
        <group>
            <file>file:/C:/Users/Jose/Dropbox/POO%202016-2017%20Pessoal/Teóricas%20Working/2semana%20-%20Revisões/1ex%20-%20Revisões%20de%20POO/PremierLeague/src/premierleague/Club.java</file>
            <file>file:/C:/Users/Jose/Dropbox/POO%202016-2017%20Pessoal/Teóricas%20Working/2semana%20-%20Revisões/1ex%20-%20Revisões%20de%20POO/PremierLeague/src/premierleague/PremierLeagueMain.java</file>
            <file>file:/C:/Users/Jose/Dropbox/POO%202016-2017%20Pessoal/Teóricas%20Working/2semana%20-%20Revisões/1ex%20-%20Revisões%20de%20POO/PremierLeague/src/premierleague/Player.java</file>
            <file>file:/C:/Users/Jose/Dropbox/POO%202016-2017%20Pessoal/Teóricas%20Working/2semana%20-%20Revisões/1ex%20-%20Revisões%20de%20POO/PremierLeague/src/premierleague/PremierLeague.java</file>
        </group>
    </open-files>
</project-private>
