<?xml version="1.0" encoding="UTF-8"?>
<project-private xmlns="http://www.netbeans.org/ns/project-private/1">
    <editor-bookmarks xmlns="http://www.netbeans.org/ns/editor-bookmarks/2" lastBookmarkId="0"/>
    <open-files xmlns="http://www.netbeans.org/ns/projectui-open-files/2">
        <group>
            <file>file:/D:/Users/Rcneves/Dropbox/IPS/POO%202014-2015%20Docentes/Teoricas/14Semana/TP14B/ExemploAccordion/src/exemploaccordion/Painel1.java</file>
            <file>file:/D:/Users/Rcneves/Dropbox/IPS/POO%202014-2015%20Docentes/Teoricas/14Semana/TP14B/ExemploAccordion/src/exemploaccordion/Painel2.java</file>
            <file>file:/D:/Users/Rcneves/Dropbox/IPS/POO%202014-2015%20Docentes/Teoricas/14Semana/TP14B/ExemploAccordion/src/exemploaccordion/ExemploAccordion.java</file>
            <file>file:/D:/Users/Rcneves/Dropbox/IPS/POO%202014-2015%20Docentes/Teoricas/14Semana/TP14B/ExemploAccordion/src/exemploaccordion/PainelComAccordion.java</file>
        </group>
    </open-files>
</project-private>
