<?xml version="1.0" encoding="UTF-8"?>
<project-private xmlns="http://www.netbeans.org/ns/project-private/1">
    <editor-bookmarks xmlns="http://www.netbeans.org/ns/editor-bookmarks/2" lastBookmarkId="0"/>
    <open-files xmlns="http://www.netbeans.org/ns/projectui-open-files/2">
        <group>
            <file>file:/D:/POO/ControlosII/ExemploDialogos/nbproject/build-impl.xml</file>
            <file>file:/D:/POO/ControlosII/ExemploDialogos/src/dialogos/ExemploAlertaErro.java</file>
            <file>file:/D:/POO/ControlosII/ExemploDialogos/src/dialogos/ExemploChoiceDialog.java</file>
            <file>file:/D:/POO/ControlosII/ExemploDialogos/src/dialogos/ExemploAlertaInformacao.java</file>
            <file>file:/D:/POO/ControlosII/ExemploDialogos/src/dialogos/ExemploAlertaConfirmacao.java</file>
            <file>file:/D:/POO/ControlosII/ExemploDialogos/src/dialogos/ExemploTextInputDialog.java</file>
            <file>file:/D:/POO/ControlosII/ExemploDialogos/src/dialogos/ExemploDialogo.java</file>
        </group>
    </open-files>
</project-private>
