<?xml version="1.0" encoding="UTF-8"?>
<project-private xmlns="http://www.netbeans.org/ns/project-private/1">
    <editor-bookmarks xmlns="http://www.netbeans.org/ns/editor-bookmarks/2" lastBookmarkId="0"/>
    <open-files xmlns="http://www.netbeans.org/ns/projectui-open-files/2">
        <group>
            <file>file:/D:/GIT_WORKSPACES/Workspace_POO/Labs/Lab06/CardGames/src/CardGames/Deck.java</file>
            <file>file:/D:/GIT_WORKSPACES/Workspace_POO/Labs/Lab06/CardGames/src/CardGames/CardGames.java</file>
            <file>file:/D:/GIT_WORKSPACES/Workspace_POO/Labs/Lab06/CardGames/src/CardGames/CardSuitValueComparator.java</file>
            <file>file:/D:/GIT_WORKSPACES/Workspace_POO/Labs/Lab06/CardGames/src/CardGames/ValuedElement.java</file>
            <file>file:/D:/GIT_WORKSPACES/Workspace_POO/Labs/Lab06/CardGames/src/CardGames/Player.java</file>
            <file>file:/D:/GIT_WORKSPACES/Workspace_POO/Labs/Lab06/CardGames/src/CardGames/Card.java</file>
            <file>file:/D:/GIT_WORKSPACES/Workspace_POO/Labs/Lab06/CardGames/src/CardGames/GameScores.java</file>
        </group>
    </open-files>
</project-private>
