<?xml version="1.0" encoding="UTF-8"?>
<project-private xmlns="http://www.netbeans.org/ns/project-private/1">
    <editor-bookmarks xmlns="http://www.netbeans.org/ns/editor-bookmarks/2" lastBookmarkId="0"/>
    <open-files xmlns="http://www.netbeans.org/ns/projectui-open-files/2">
        <group>
            <file>file:/D:/POO/ControlosII/VisualizadorPessoasComDialogos/src/visualizadorpessoascomdialogos/Pessoa.java</file>
            <file>file:/D:/POO/ControlosII/VisualizadorPessoasComDialogos/src/visualizadorpessoascomdialogos/VisualizadorPessoas.java</file>
            <file>file:/D:/POO/ControlosII/VisualizadorPessoasComDialogos/src/visualizadorpessoascomdialogos/VisualizadorPessoasComDialogos.java</file>
            <file>file:/D:/POO/ControlosII/VisualizadorPessoasComDialogos/src/visualizadorpessoascomdialogos/SliderIdade.java</file>
            <file>file:/D:/POO/ControlosII/VisualizadorPessoasComDialogos/src/visualizadorpessoascomdialogos/VisualizadorPessoa.java</file>
            <file>file:/D:/POO/ControlosII/VisualizadorPessoasComDialogos/src/visualizadorpessoascomdialogos/Pessoas.java</file>
            <file>file:/D:/POO/ControlosII/VisualizadorPessoasComDialogos/src/visualizadorpessoascomdialogos/VisualizadorIdade.java</file>
        </group>
    </open-files>
</project-private>
