<?xml version="1.0" encoding="UTF-8"?>
<project-private xmlns="http://www.netbeans.org/ns/project-private/1">
    <editor-bookmarks xmlns="http://www.netbeans.org/ns/editor-bookmarks/2" lastBookmarkId="0"/>
    <open-files xmlns="http://www.netbeans.org/ns/projectui-open-files/2">
        <group>
            <file>file:/D:/POO/Lab6/src/CardGames/FaceCard.java</file>
            <file>file:/D:/POO/Lab6/src/CardGames/Deck.java</file>
            <file>file:/D:/POO/Lab6/src/CardGames/Suit.java</file>
            <file>file:/D:/POO/Lab6/src/CardGames/Card.java</file>
            <file>file:/D:/POO/Lab6/src/CardGames/CardGames.java</file>
            <file>file:/D:/POO/Lab6/src/CardGames/NumberedCard.java</file>
            <file>file:/D:/POO/Lab6/src/CardGames/FaceName.java</file>
            <file>file:/D:/POO/Lab6/src/CardGames/SuecaDeck.java</file>
        </group>
    </open-files>
</project-private>
